{
  "name": "minecraft:ancient_city/walls",
  "fallback": "minecraft:empty",
  "elements": [
    {
      "weight": 1,
      "element": {
        "location": "minecraft:ancient_city/walls/intact_corner_wall_1",
        "processors": "minecraft:ancient_city_walls_degradation",
        "projection": "rigid",
        "element_type": "minecraft:single_pool_element"
      }
    },
    {
      "weight": 1,
      "element": {
        "location": "minecraft:ancient_city/walls/intact_intersection_wall_1",
        "processors": "minecraft:ancient_city_walls_degradation",
        "projection": "rigid",
        "element_type": "minecraft:single_pool_element"
      }
    },
    {
      "weight": 1,
      "element": {
        "location": "minecraft:ancient_city/walls/intact_lshape_wall_1",
        "processors": "minecraft:ancient_city_walls_degradation",
        "projection": "rigid",
        "element_type": "minecraft:single_pool_element"
      }
    },
    {
      "weight": 1,
      "element": {
        "location": "minecraft:ancient_city/walls/intact_horizontal_wall_1",
        "processors": "minecraft:ancient_city_walls_degradation",
        "projection": "rigid",
        "element_type": "minecraft:single_pool_element"
      }
    },
    {
      "weight": 1,
      "element": {
        "location": "minecraft:ancient_city/walls/intact_horizontal_wall_2",
        "processors": "minecraft:ancient_city_walls_degradation",
        "projection": "rigid",
        "element_type": "minecraft:single_pool_element"
      }
    },
    {
      "weight": 1,
      "element": {
        "location": "minecraft:ancient_city/walls/intact_horizontal_wall_stairs_1",
        "processors": "minecraft:ancient_city_walls_degradation",
        "projection": "rigid",
        "element_type": "minecraft:single_pool_element"
      }
    },
    {
      "weight": 1,
      "element": {
        "location": "minecraft:ancient_city/walls/intact_horizontal_wall_stairs_2",
        "processors": "minecraft:ancient_city_walls_degradation",
        "projection": "rigid",
        "element_type": "minecraft:single_pool_element"
      }
    },
    {
      "weight": 1,
      "element": {
        "location": "minecraft:ancient_city/walls/intact_horizontal_wall_stairs_3",
        "processors": "minecraft:ancient_city_walls_degradation",
        "projection": "rigid",
        "element_type": "minecraft:single_pool_element"
      }
    },
    {
      "weight": 4,
      "element": {
        "location": "minecraft:ancient_city/walls/intact_horizontal_wall_stairs_4",
        "processors": "minecraft:ancient_city_walls_degradation",
        "projection": "rigid",
        "element_type": "minecraft:single_pool_element"
      }
    },
    {
      "weight": 3,
      "element": {
        "location": "minecraft:ancient_city/walls/intact_horizontal_wall_passage_1",
        "processors": "minecraft:ancient_city_walls_degradation",
        "projection": "rigid",
        "element_type": "minecraft:single_pool_element"
      }
    },
    {
      "weight": 1,
      "element": {
        "location": "minecraft:ancient_city/walls/ruined_corner_wall_1",
        "processors": "minecraft:ancient_city_walls_degradation",
        "projection": "rigid",
        "element_type": "minecraft:single_pool_element"
      }
    },
    {
      "weight": 1,
      "element": {
        "location": "minecraft:ancient_city/walls/ruined_corner_wall_2",
        "processors": "minecraft:ancient_city_walls_degradation",
        "projection": "rigid",
        "element_type": "minecraft:single_pool_element"
      }
    },
    {
      "weight": 2,
      "element": {
        "location": "minecraft:ancient_city/walls/ruined_horizontal_wall_stairs_1",
        "processors": "minecraft:ancient_city_walls_degradation",
        "projection": "rigid",
        "element_type": "minecraft:single_pool_element"
      }
    },
    {
      "weight": 2,
      "element": {
        "location": "minecraft:ancient_city/walls/ruined_horizontal_wall_stairs_2",
        "processors": "minecraft:ancient_city_walls_degradation",
        "projection": "rigid",
        "element_type": "minecraft:single_pool_element"
      }
    },
    {
      "weight": 3,
      "element": {
        "location": "minecraft:ancient_city/walls/ruined_horizontal_wall_stairs_3",
        "processors": "minecraft:ancient_city_walls_degradation",
        "projection": "rigid",
        "element_type": "minecraft:single_pool_element"
      }
    },
    {
      "weight": 3,
      "element": {
        "location": "minecraft:ancient_city/walls/ruined_horizontal_wall_stairs_4",
        "processors": "minecraft:ancient_city_walls_degradation",
        "projection": "rigid",
        "element_type": "minecraft:single_pool_element"
      }
    }
  ]
}