{
    "display": {
        "icon": {
            "item": "minecraft:player_head",
            "nbt": "{display:{Name:'{\"text\":\"Decapitated Steve\"}'},SkullOwner:{Id:[I;573571546,1726760220,-1419671375,-1334979216],Properties:{textures:[{Value:\"eyJ0ZXh0dXJlcyI6eyJTS0lOIjp7InVybCI6Imh0dHA6Ly90ZXh0dXJlcy5taW5lY3JhZnQubmV0L3RleHR1cmUvZjIyNDk5ZTIyMDhiNjYwNzEzNzc0MWFkMmNjMDk4OWEwYTZiMTQyZDIwMmUwY2E4M2YwYzI5MTZlNTI3MjRhMyJ9fX0=\"}]}}}",
            "minecraft heads":"https://minecraft-heads.com/custom-heads/humans/26678-decapitated-steve"
        },
        "title": "Decapitor 3000",
        "description": "Kill a player and get his head",
        "frame": "challenge",
        "hidden":false,
        "announce_to_chat": true,
        "show_toast": true
    },
    "parent": "minecraft:adventure/kill_a_mob",
    "criteria": {
        "requirement": {
			"trigger": "minecraft:impossible"
		}
    }
}