{
  "elements": [
    {
      "element": {
        "element_type": "minecraft:legacy_single_pool_element",
        "location": "minecraft:pillager_outpost/feature_plate_1",
        "processors": {
          "processors": []
        },
        "projection": "terrain_matching"
      },
      "weight": 1
    },
	{
      "element": {
        "element_type": "minecraft:legacy_single_pool_element",
        "location": "minecraft:pillager_outpost/feature_plate_2",
        "processors": {
          "processors": []
        },
        "projection": "terrain_matching"
      },
      "weight": 1
    },
	{
      "element": {
        "element_type": "minecraft:legacy_single_pool_element",
        "location": "minecraft:pillager_outpost/feature_plate_3",
        "processors": {
          "processors": []
        },
        "projection": "terrain_matching"
      },
      "weight": 1
    }
  ],
  "fallback": "minecraft:empty"
}