{
    "values":[
        "minecraft:sugar",
        "minecraft:honeycomb",
        "minecraft:spider_eye",
        "minecraft:fermented_spider_eye",
        "minecraft:phantom_membrane",
        "minecraft:scute",
        "minecraft:rabbit_hide",
        "minecraft:bamboo",
        "minecraft:string",
        "minecraft:feather",
        "minecraft:slime_ball",
        "minecraft:magma_cream",
        "minecraft:ink_sac",
        {
            "id": "minecraft:glow_ink_sac",
            "required": false
        },
        "minecraft:black_dye",
        "minecraft:red_dye",
        "minecraft:green_dye",
        "minecraft:brown_dye",
        "minecraft:blue_dye",
        "minecraft:purple_dye",
        "minecraft:cyan_dye",
        "minecraft:light_gray_dye",
        "minecraft:gray_dye",
        "minecraft:pink_dye",
        "minecraft:lime_dye",
        "minecraft:yellow_dye",
        "minecraft:light_blue_dye",
        "minecraft:magenta_dye",
        "minecraft:orange_dye",
        "minecraft:white_dye",
        "minecraft:stick",
        {
            "id": "#minecraft:carpets",
            "required": false
        },
        {
            "id": "#minecraft:wool_carpets",
            "required": false
        }
    ]
}