{
    "values":[
        "minecraft:apple",
        {
            "id": "minecraft:azalea",
            "required": false
        },
        {
            "id": "minecraft:flowering_azalea",
            "required": false
        },
        "minecraft:beetroot",
        {
            "id": "minecraft:big_dripleaf",
            "required": false
        },
        "minecraft:carrot",
        "minecraft:cocoa_beans",
        "#minecraft:small_flowers",
        "#minecraft:tall_flowers",
        "minecraft:lily_pad",
        "minecraft:melon",
        {
            "id": "minecraft:moss_block",
            "required": false
        },
        "minecraft:red_mushroom",
        "minecraft:brown_mushroom",
        "minecraft:mushroom_stem",
        "minecraft:nether_wart",
        "minecraft:potato",
        "minecraft:pumpkin",
        "minecraft:carved_pumpkin",
        "minecraft:sea_pickle",
        "minecraft:shroomlight",
        {
            "id": "minecraft:spore_blossom",
            "required": false
        },
        "minecraft:wheat",
        "minecraft:crimson_fungus",
        "minecraft:warped_fungus",
        "minecraft:crimson_roots",
        "minecraft:warped_roots",
        "minecraft:poisonous_potato",
        "minecraft:tube_coral",
        "minecraft:brain_coral",
        "minecraft:bubble_coral",
        "minecraft:fire_coral",
        "minecraft:horn_coral",
        "minecraft:tube_coral_fan",
        "minecraft:brain_coral_fan",
        "minecraft:bubble_coral_fan",
        "minecraft:fire_coral_fan",
        "minecraft:horn_coral_fan",
        "minecraft:dead_tube_coral",
        "minecraft:dead_brain_coral",
        "minecraft:dead_bubble_coral",
        "minecraft:dead_fire_coral",
        "minecraft:dead_horn_coral",
        "minecraft:dead_tube_coral_fan",
        "minecraft:dead_brain_coral_fan",
        "minecraft:dead_bubble_coral_fan",
        "minecraft:dead_fire_coral_fan",
        "minecraft:dead_horn_coral_fan"
    ]
}