{
    "values":[
        "minecraft:beetroot_seeds",
        "minecraft:dried_kelp",
        {
            "id": "minecraft:glow_berries",
            "required": false
        },
        "minecraft:grass",
        "minecraft:fern",
        "minecraft:tall_grass",
        "minecraft:large_fern",
        {
            "id": "minecraft:hanging_roots",
            "required": false
        },
        "minecraft:kelp",
        "minecraft:oak_leaves",
        "minecraft:spruce_leaves",
        "minecraft:birch_leaves",
        "minecraft:jungle_leaves",
        "minecraft:acacia_leaves",
        "minecraft:dark_oak_leaves",
        {
            "id": "minecraft:azalea_leaves",
            "required": false
        },
        "minecraft:melon_seeds",
        {
            "id": "minecraft:moss_carpet",
            "required": false
        },
        "minecraft:pumpkin_seeds",
        "#minecraft:saplings",
        "minecraft:seagrass",
        {
            "id": "minecraft:small_dripleaf",
            "required": false
        },
        "minecraft:sweet_berries",
        "minecraft:wheat_seeds",
        "minecraft:chorus_fruit",
        "minecraft:popped_chorus_fruit",
        "minecraft:chorus_flower",
        "minecraft:honey_block",
        "minecraft:honeycomb_block",
        "minecraft:rotten_flesh",
        "minecraft:egg",
        "minecraft:turtle_egg",
        "minecraft:leather",
        "minecraft:dead_bush",
        "minecraft:charcoal",
        "#minecraft:wool",
        "minecraft:slime_block",
        "minecraft:nautilus_shell",
        "minecraft:paper",
        "minecraft:cobweb",
        {
            "id":"minecraft:goat_horn",
            "required":false
        },
        {
            "id":"minecraft:mangrove_roots",
            "required":false
        },
        {
            "id":"minecraft:muddy_mangrove_roots",
            "required":false
        },
        {
            "id": "minecraft:mangrove_leaves",
            "required": false
        }
    ]
}