{
    "values":[
        "minecraft:cactus",
        "minecraft:dried_kelp_block",
        {
            "id": "minecraft:flowering_azalea_leaves",
            "required": false
        },
        {
            "id": "minecraft:glow_lichen",
            "required": false
        },
        "minecraft:melon_slice",
        "minecraft:nether_sprouts",
        "minecraft:sugar_cane",
        "minecraft:vine",
        "minecraft:weeping_vines",
        "minecraft:twisting_vines",
        "minecraft:cooked_chicken",
        "minecraft:cooked_cod",
        "minecraft:cooked_mutton",
        "minecraft:cooked_porkchop",
        "minecraft:cooked_rabbit",
        "minecraft:cooked_salmon",
        "minecraft:pufferfish",
        "minecraft:beef",
        "minecraft:chicken",
        "minecraft:cod",
        "minecraft:mutton",
        "minecraft:porkchop",
        "minecraft:rabbit",
        "minecraft:rabbit_foot",
        "minecraft:salmon",
        "minecraft:cooked_beef",
        "minecraft:tropical_fish",
        "minecraft:crimson_nylium",
        "minecraft:warped_nylium"
    ]
}