{
  "criteria": {
    "requirement": {
      "trigger": "minecraft:tick",
      "conditions": {
        "player": [
          {
            "condition": "minecraft:reference",
            "name": "vanilla_refresh:holding/full_bundle"
          },
          {
            "condition": "minecraft:reference",
            "name": "vanilla_refresh:holding/bundle"
          }
        ]
      }
    }
  },
  "rewards": {
    "function": "vanilla_refresh:other/actions/erase_empty_bundle"
  }
}
