{
	"type": "minecraft:jigsaw",
	"start_pool": "nova_structures:badlands_miner_outpost_start",
	"biomes": [
		"minecraft:badlands",
		"minecraft:wooded_badlands"
	],
	"project_start_to_heightmap": "WORLD_SURFACE_WG",
	"start_height": {
		"absolute": 0
	},
	"spawn_overrides": {
    "monster": {
	"bounding_box": "full",
      "spawns": [
        {
          "type": "minecraft:pillager",
		  
          "weight": 1,
          "minCount": 0,
          "maxCount": 16
        }
      ]
    }
  },
	"step": "surface_structures",
	"use_expansion_hack": false,
	"max_distance_from_center": 100,
	"size": 3,
	"terrain_adaptation": "beard_box"
}
