{
	"type": "minecraft:jigsaw",
	"start_pool": "nova_structures:conduit_ruin",
	"biomes": [
		"minecraft:warm_ocean",
		"minecraft:ocean",
		"minecraft:deep_ocean",
		"minecraft:deep_cold_ocean",
		"minecraft:frozen_ocean",
		"minecraft:deep_frozen_ocean",
		"minecraft:lukewarm_ocean"
	],
	"project_start_to_heightmap": "OCEAN_FLOOR_WG",
	"start_height": {
		"absolute": 0
	},
	"spawn_overrides": {},
	"step": "surface_structures",
	"use_expansion_hack": true,
	"max_distance_from_center": 80,
	"size": 1,
	"terrain_adaptation": "beard_box"
}
