{
	"type": "minecraft:jigsaw",
	"start_pool": "nova_structures:mangrove_witch_hut",
	"biomes": [
		"minecraft:mangrove_swamp"
	],
	"project_start_to_heightmap": "WORLD_SURFACE_WG",
	"start_height": {
		"absolute": 0
	},
	"spawn_overrides": {
    "monster": {
	"bounding_box": "piece",
      "spawns": [
        {
          "type": "minecraft:witch",
		  
          "weight": 1,
          "minCount": 1,
          "maxCount": 1
        }
      ]
    }
  },
	"step": "surface_structures",
	"use_expansion_hack": true,
	"max_distance_from_center": 80,
	"size": 2,
	"terrain_adaptation": "beard_box"
}
