{
	"type": "minecraft:jigsaw",
	"start_pool": "nova_structures:ruin_town_center",
	"biomes": [
		"minecraft:plains",
		"minecraft:sunflower_plains",
		"minecraft:snowy_plains",
		"minecraft:snowy_taiga",
		"minecraft:forest",
		"minecraft:birch_forest",
		"minecraft:dark_forest",
		"minecraft:old_growth_birch_forest",
		"minecraft:old_growth_pine_taiga",
		"minecraft:old_growth_spruce_taiga",
		"minecraft:taiga"
	],
	"project_start_to_heightmap": "WORLD_SURFACE_WG",
	"start_height": {
		"absolute": 0
	},
	"spawn_overrides": {
    "monster": {
	"bounding_box": "full",
      "spawns": [
        {
          "type": "minecraft:zombie",
		  
          "weight": 1,
          "minCount": 0,
          "maxCount": 16
        }
      ]
    }
  },
	"step": "surface_structures",
	"use_expansion_hack": false,
	"max_distance_from_center": 100,
	"size": 7,
	"terrain_adaptation": "beard_box"
}
