{
	"type": "minecraft:jigsaw",
	"start_pool": "nova_structures:stray_fort_fortress",
	"biomes": [
		"minecraft:snowy_taiga",
		"minecraft:snowy_plains"
	],
	"project_start_to_heightmap": "WORLD_SURFACE_WG",
	"start_height": {
		"absolute": 0
	},
	"spawn_overrides": {
    "monster": {
	"bounding_box": "full",
      "spawns": [
        {
          "type": "minecraft:stray",
		  
          "weight": 1,
          "minCount": 0,
          "maxCount": 32
        }
      ]
    }
  },
	"step": "surface_structures",
	"use_expansion_hack": true,
	"max_distance_from_center": 100,
	"size": 7,
	"terrain_adaptation": "beard_box"
}
