{
	"type": "minecraft:jigsaw",
	"start_pool": "nova_structures:tavern_start_spruce",
	"biomes": [
		"minecraft:snowy_plains",
		"minecraft:old_growth_pine_taiga",
		"minecraft:old_growth_spruce_taiga",
		"minecraft:taiga",
		"minecraft:snowy_taiga"
	],
	"project_start_to_heightmap": "WORLD_SURFACE_WG",
	"start_height": {
		"absolute": 0
	},
	"spawn_overrides": {},
	"step": "surface_structures",
	"use_expansion_hack": true,
	"max_distance_from_center": 80,
	"size": 3,
	"terrain_adaptation": "beard_box"
}
