{
	"name": "nova_structures:conduit_ruin",
	"fallback": "minecraft:empty",
	"elements": [
		{
			"weight": 1,
			"element": {
				"element_type": "minecraft:single_pool_element",
				"location": "nova_structures:conduit_ruin/conduit_ruin_1",
				"projection": "rigid",
				"processors": "minecraft:empty"
			}
		},
		{
			"weight": 2,
			"element": {
				"element_type": "minecraft:single_pool_element",
				"location": "nova_structures:conduit_ruin/conduit_ruin_2",
				"projection": "rigid",
				"processors": "minecraft:empty"
			}
		},
		{
			"weight": 3,
			"element": {
				"element_type": "minecraft:single_pool_element",
				"location": "nova_structures:conduit_ruin/conduit_ruin_3",
				"projection": "rigid",
				"processors": "minecraft:empty"
			}
		}
	]
}
