{
  "criteria": {
    "requirement": {
      "trigger": "minecraft:tick",
      "conditions": {
        "player": [
          {
            "condition": "minecraft:reference",
            "name": "vanilla_refresh:condition/adv_nether"
          },
          {
            "condition": "minecraft:reference",
            "name": "vanilla_refresh:condition/second.tick5"
          },
          {
            "condition": "minecraft:reference",
            "name": "vanilla_refresh:condition/no_toast"
          },
          {
            "condition": "minecraft:reference",
            "name": "vanilla_refresh:position/biome/tag/nether/warped_forest"
          }
        ]
      }
    }
  },
  "rewards": {
    "function": "vanilla_refresh:other_features/biome/nether/warped_forest"
  }
}
