{
  "type": "minecraft:chest",
  "pools": [
    {
      "rolls": 3.0,
      "bonus_rolls": 0.0,
      "entries": [
        {
          "type": "minecraft:item",
          "functions": [
            {
              "function": "set_damage",
              "damage": {
                "min": 0.25,
                "max": 0.75
              }
            }
          ],
          "name": "minecraft:stone_sword"
        },
        {
          "type": "minecraft:item",
          "functions": [
            {
              "function": "set_damage",
              "damage": {
                "min": 0.25,
                "max": 0.75
              }
            }
          ],
          "name": "minecraft:stone_pickaxe"
        },
        {
          "type": "minecraft:item",
          "functions": [
            {
              "function": "set_damage",
              "damage": {
                "min": 0.25,
                "max": 0.75
              }
            }
          ],
          "name": "minecraft:stone_axe"
        },
        {
          "type": "minecraft:item",
          "functions": [
            {
              "function": "set_damage",
              "damage": {
                "min": 0.25,
                "max": 0.75
              }
            }
          ],
          "name": "minecraft:stone_shovel"
        },
        {
          "type": "minecraft:item",
          "functions": [
            {
              "function": "set_damage",
              "damage": {
                "min": 0.25,
                "max": 0.75
              }
            }
          ],
          "name": "minecraft:stone_hoe"
        }
      ]
    },
    {
      "rolls": {
        "type": "minecraft:uniform",
        "min": 5.0,
        "max": 7.0
      },
      "bonus_rolls": 0.0,
      "entries": [
        {
          "type": "minecraft:item",
          "functions": [
            {
              "function": "minecraft:set_count",
              "count": {
                "type": "minecraft:uniform",
                "min": 1.0,
                "max": 4.0
              },
              "add": false
            }
          ],
          "name": "minecraft:torch"
        }
      ]
    }
  ]
}