{
  "type": "minecraft:chest",
  "pools": [
    
    {
      "rolls": {
        "type": "minecraft:uniform",
        "min": 3.0,
        "max": 7.0
      },
      "bonus_rolls": 0.0,
      "entries": [
        {
          "type": "minecraft:item",
          "weight": 5,
          "functions": [
            {
              "function": "minecraft:set_count",
              "count": {
                "type": "minecraft:uniform",
                "min": 1.0,
                "max": 3.0
              },
              "add": false
            }
          ],
          "name": "minecraft:coal"
        }
      ]
    }
  ]
}