{
  "type": "minecraft:chest",
  "pools": [
    {
      "rolls": 3.0,
      "bonus_rolls": 0.0,
      "entries": [
        {
          "type": "minecraft:item",
          "name": "minecraft:raw_iron"
        },
        {
          "type": "minecraft:item",
          "name": "minecraft:iron_ingot"
        }
      ]
    },
    {
      "rolls": 3.0,
      "bonus_rolls": 0.0,
      "entries": [
        {
          "type": "minecraft:item",
          "name": "minecraft:raw_gold"
        },
        {
          "type": "minecraft:item",
          "name": "minecraft:gold_ingot"
        }
      ]
    },
    {
      "rolls": 3.0,
      "bonus_rolls": 0.0,
      "entries": [
        {
          "type": "minecraft:item",
          "name": "minecraft:raw_copper"
        },
        {
          "type": "minecraft:item",
          "name": "minecraft:copper_ingot"
        }
      ]
    }
  ]
}