{
  "type": "minecraft:chest",
  "pools": [
    {
      "rolls": 4,
      "entries": [
        {
          "type": "minecraft:group",
          "children": [
              {
                  "type": "minecraft:item",
          "functions": [
            {
              "function": "minecraft:set_count",
              "count": {
                "type": "minecraft:uniform",
                "min": 3.0,
                "max": 6.0
              },
              "add": false
            }
          ],
                  "name": "minecraft:porkchop"
              },
              {
                  "type": "minecraft:item",
          "functions": [
            {
              "function": "minecraft:set_count",
              "count": {
                "type": "minecraft:uniform",
                "min": 3.0,
                "max": 6.0
              },
              "add": false
            }
          ],
                  "name": "minecraft:mutton"
              },
              {
                  "type": "minecraft:item",
          "functions": [
            {
              "function": "minecraft:set_count",
              "count": {
                "type": "minecraft:uniform",
                "min": 3.0,
                "max": 6.0
              },
              "add": false
            }
          ],
                  "name": "minecraft:beef"
              },
              {
                  "type": "minecraft:item",
          "functions": [
            {
              "function": "minecraft:set_count",
              "count": {
                "type": "minecraft:uniform",
                "min": 3.0,
                "max": 6.0
              },
              "add": false
            }
          ],
                  "name": "minecraft:chicken"
              },
              {
                  "type": "minecraft:item",
          "functions": [
            {
              "function": "minecraft:set_count",
              "count": {
                "type": "minecraft:uniform",
                "min": 3.0,
                "max": 6.0
              },
              "add": false
            }
          ],
                  "name": "minecraft:rabbit"
              }
          ]
        },
        {
          "type": "minecraft:group",
          "children": [
              {
                  "type": "minecraft:item",
          "functions": [
            {
              "function": "minecraft:set_count",
              "count": {
                "type": "minecraft:uniform",
                "min": 1.0,
                "max": 3.5
              },
              "add": false
            }
          ],
                  "name": "minecraft:cooked_porkchop"
              },
              {
                  "type": "minecraft:item",
          "functions": [
            {
              "function": "minecraft:set_count",
              "count": {
                "type": "minecraft:uniform",
                "min": 1.0,
                "max": 3.5
              },
              "add": false
            }
          ],
                  "name": "minecraft:cooked_mutton"
              },
              {
                  "type": "minecraft:item",
          "functions": [
            {
              "function": "minecraft:set_count",
              "count": {
                "type": "minecraft:uniform",
                "min": 1.0,
                "max": 3.5
              },
              "add": false
            }
          ],
                  "name": "minecraft:cooked_beef"
              },
              {
                  "type": "minecraft:item",
          "functions": [
            {
              "function": "minecraft:set_count",
              "count": {
                "type": "minecraft:uniform",
                "min": 1.0,
                "max": 3.5
              },
              "add": false
            }
          ],
                  "name": "minecraft:cooked_chicken"
              },
              {
                  "type": "minecraft:item",
          "functions": [
            {
              "function": "minecraft:set_count",
              "count": {
                "type": "minecraft:uniform",
                "min": 1.0,
                "max": 3.5
              },
              "add": false
            }
          ],
                  "name": "minecraft:cooked_rabbit"
              }
          ]
        }
      ]
    }
  ]
}