{
  "type": "minecraft:chest",
  "pools": [
    {
      "rolls": {
        "type": "minecraft:uniform",
        "min": 1.0,
        "max": 2.5
      },
      "bonus_rolls": 0.0,
      "entries": [
        {
          "type": "item",
          "weight": 15,
          "name": "minecraft:potion",
          "functions": [
            {
              "function": "set_nbt",
              "tag": "{Potion:water}"
            }
          ]
        },
        {
          "type": "minecraft:item",
          "weight": 10,
          "name": "minecraft:nether_wart"
        }
      ]
    },
    {
      "rolls": {
        "type": "minecraft:uniform",
        "min": 3.0,
        "max": 4.0
      },
      "bonus_rolls": 0.0,
      "entries": [
        {
          "type": "minecraft:item",
          "weight": 2,
          "name": "minecraft:rabbit_foot"
        },
        {
          "type": "minecraft:item",
          "weight": 2,
          "name": "minecraft:fermented_spider_eye"
        },
        {
          "type": "minecraft:loot_table",
          "weight": 30,
          "name": "minecraft:entities/witch"
        }
      ]
    }
  ]
}