{
  "type": "minecraft:chest",
  "pools": [
    {
      "rolls": {
          "min": 5,
          "max": 10
      },
      "bonus_rolls": 0.0,
      "entries": [
        {
          "type": "minecraft:item",
          "weight": 3,
          "functions": [
            {
              "function": "minecraft:set_count",
              "count": {
                  "min": 4,
                  "max": 5
              },
              "add": false
            }
          ],
          "name": "minecraft:iron_ingot"
        },
		{
          "type": "minecraft:item",
          "weight": 3,
          "functions": [
            {
              "function": "minecraft:set_count",
              "count": {
                  "min": 3,
                  "max": 10
              },
              "add": false
            }
          ],
          "name": "minecraft:snow_block"
        },
		{
          "type": "minecraft:item",
          "weight": 3,
          "functions": [
            {
              "function": "minecraft:set_count",
              "count": {
                  "min": 1,
                  "max": 3
              },
              "add": false
            }
          ],
          "name": "minecraft:carved_pumpkin"
        },
		{
          "type": "minecraft:item",
          "weight": 3,
          "functions": [
            {
              "function": "minecraft:set_count",
              "count": {
                  "min": 1,
                  "max": 3
              },
              "add": false
            }
          ],
          "name": "minecraft:emerald"
        },
		{
          "type": "minecraft:item",
          "weight": 3,
          "functions": [
            {
              "function": "minecraft:set_count",
              "count": {
                  "min": 1,
                  "max": 3
              },
              "add": false
            }
          ],
          "name": "minecraft:pumpkin_pie"
        },
        {
          "type": "minecraft:item",
          "weight": 3,
          "functions": [
            {
              "function": "minecraft:set_count",
              "count": {
                  "min": 3,
                  "max": 4
              },
              "add": false
            }
          ],
          "name": "minecraft:gold_ingot"
        },
        {
          "type": "minecraft:item",
          "weight": 1,
          "functions": [
            {
              "function": "set_damage",
              "damage": {
                "min": 0,
                "max": 1
              }
            }
          ],
          "name": "minecraft:stone_axe"
        },
        {
          "type": "minecraft:item",
          "weight": 3,
          "functions": [
            {
              "function": "minecraft:set_count",
              "count": {
                  "min": 4,
                  "max": 5
              },
              "add": false
            }
          ],
          "name": "minecraft:bone"
        },
        {
          "type": "minecraft:item",
          "weight": 3,
          "functions": [
            {
              "function": "minecraft:set_count",
              "count": {
                  "min": 6,
                  "max": 8
              },
              "add": false
            }
          ],
          "name": "minecraft:charcoal"
        },
        {
          "type": "minecraft:item",
          "weight": 3,
          "functions": [
            {
              "function": "minecraft:set_count",
              "count": {
                  "min": 8,
                  "max": 10
              },
              "add": false
            }
          ],
          "name": "minecraft:gold_nugget"
        },
        {
          "type": "minecraft:item",
          "weight": 3,
          "functions": [
            {
              "function": "minecraft:set_count",
              "count": {
                  "min": 4,
                  "max": 5
              },
              "add": false
            }
          ],
          "name": "minecraft:cooked_rabbit"
        },
        {
          "type": "minecraft:item",
          "weight": 3,
          "functions": [
            {
              "function": "minecraft:set_count",
              "count": {
                  "min": 4,
                  "max": 5
              },
              "add": false
            }
          ],
          "name": "minecraft:cooked_rabbit"
        },
        {
          "type": "minecraft:item",
          "weight": 3,
          "functions": [
            {
              "function": "minecraft:set_count",
              "count": {
                  "min": 4,
                  "max": 5
              },
              "add": false
            }
          ],
          "name": "minecraft:sweet_berries"
        },
        {
          "type": "minecraft:item",
          "weight": 5,
          "functions": [
            {
              "function": "minecraft:set_count",
              "count": {
                  "min": 5,
                  "max": 7
              },
              "add": false
            }
          ],
          "name": "minecraft:snowball"
        },
        {
          "type": "minecraft:item",
          "weight": 3,
          "functions": [
            {
              "function": "minecraft:set_count",
              "count": {
                  "min": 5,
                  "max": 7
              },
              "add": false
            }
          ],
          "name": "minecraft:ice"
        },
        {
          "type": "minecraft:item",
          "weight": 1,
          "functions": [
            {
              "function": "minecraft:set_count",
              "count": {
                  "min": 1,
                  "max": 2
              },
              "add": false
            }
          ],
          "name": "minecraft:blue_ice"
        },
        {
          "type": "minecraft:item",
          "weight": 2,
          "functions": [
            {
              "function": "minecraft:set_count",
              "count": {
                  "min": 3,
                  "max": 6
              },
              "add": false
            }
          ],
          "name": "minecraft:packed_ice"
        }
      ]
    }
  ]
}