{
  "type": "minecraft:chest",
  "pools": [
    {
      "rolls": {
        "type": "minecraft:uniform",
        "min": 1.0,
        "max": 3.0
      },
      "entries": [
        {
          "type": "minecraft:loot_table",
          "name": "nova_structures:chests/tavern_quest_ruin_town"
        },
        {
          "type": "minecraft:loot_table",
          "name": "nova_structures:chests/tavern_quest_jungle_ruin"
        },
        {
          "type": "minecraft:loot_table",
          "name": "nova_structures:chests/tavern_quest_illager_hideout"
        },
        {
          "type": "minecraft:loot_table",
          "name": "nova_structures:chests/tavern_quest_badlands_miner_outpost"
        },
        {
          "type": "minecraft:loot_table",
          "name": "nova_structures:chests/tavern_quest_undead_crypt"
        },
        {
          "type": "minecraft:loot_table",
          "name": "nova_structures:chests/tavern_quest_ancient_city"
        },
        {
          "type": "minecraft:loot_table",
          "name": "nova_structures:chests/tavern_quest_stray_fort"
        }
      ]
    }
  ]
}