{
  "criteria": {
    "requirement": {
      "trigger": "minecraft:player_interacted_with_entity",
      "conditions": {
        "player": {
          "flags": {
            "is_sneaking": true
          },
          "equipment": {
            "mainhand": {
              "items": [
                "lead"
              ]
            }
          }
        },
        "entity": {
          "type": "#villager_leash:leashable_villagers"
        }
      }
    }
  },
  "rewards": {
    "function": "villager_leash:create_leash/villager"
  }
}
