{
    "criteria": {
        "placed_composter": {
            "trigger": "minecraft:placed_block",
            "conditions": {
                "location": [
                    {
                        "condition": "location_check",
                        "predicate": {
                            "block": {
                                "id": "composter"
                            }
                        }
                    }
                ]
            }
        }
    },
    "rewards": {
        "function": "dnv.recyclecraft:compost/placed_composter"
    }
}